No,Malware Name,Opcode File Path
1,FoundCore,FoundCore/3d0e91c7d8fde05d12e83519b66c4778a97f9fb5358e2de6c8105f221f26a3d1.opcode
2,ShimRatReporter,ShimRatReporter/029e735581c38d66f03aa0e9d1c22959b0bc8dfe298b9e91b127c42c7f904b5e.opcode
3,MirageFox,MirageFox/b9403fb1e3743617bcdf8c1e5dd332c325c1e1f2e79bef166261fec0091880cf.opcode
4,NaikonExfillTool,NaikonExfillTool/89132f9bd84c25539ba3b8fc2080e037b3221d16730d4b5605f6b9d3906ad38c.opcode
5,ShimRat,ShimRat/558461b6fb0441e7f70c4224963490ea49f44d40c5700a4c7fd19be4c62b3d6a.opcode
6,QuasarRAT,QuasarRAT/48f11a020991c4c5990a1431ef576a7c5e3f502da65fd12a834ad0108310fa79.opcode
7,PlugX,PlugX/8071d15e5f9c1e57a9fa246f7731e76f017083fee4af80f4175e0b79dcf19a09.opcode
8,Gh0stRAT,Gh0stRAT/f1fc6998b7177ca0ecd35fc767c632cc597356b75e8281e26a3d41671c23ae51.opcode
9,PoisonIvy,PoisonIvy/3fd019d3bc905bc41e760a00ce4748e25b7ba660dd08a96181a4a60671a05f5b.opcode
10,ChChess,ChChess/fd6a956a7708708cddff78c8505c7db73d7c4e961da8a3c00cc5a51171a92b7b.opcode
11,Ecipekac,Ecipekac/83030f299a776114878bcd2ade585d97836ef4ddb6943cb796be2c88bcb83a83.opcode
12,coinminer,coinminer/e3dbee51df9dd78d9b3d643f7d7f9c7cb84b88819647d436f1a595d7c1a51e87.opcode
13,Nebulae,Nebulae/592c36bc4117f150f8fce1b54d064eb14bd3236b3f729ba12750aed3bb6006b4.opcode
14,evilgrab,evilgrab/b69106e06dc008e4fa1e4a0b0b58fcb1dc6d2016422a35cb3111168fd3fae577.opcode
15,Covenant,Covenant/b95781c20c5a77c56384ae5f239aff908709dd4502437801d880f7702e2da862.opcode
16,Apt-body,Apt-body/ebead09ed1d471ff85ae7584c9f2043338d004ee782680085992e9203e29d249.opcode
17,Nidiran,Nidiran/8d6d6876c3a42680d215dd0c1011b44d6b8f1c60b98c1c3edfcd82b82af4da63.opcode
18,3PARARAT,3PARARAT/a4314fed1ada801ff078ad4e42845b9781398ea574516972cfa6da50cc304b50.opcode
19,Rainyday,Rainyday/089809e73354648b3caed7db6bc24dcce4f2ef0f327206fd14f36c6619d9ed30.opcode
20,Mimikatz,Mimikatz/d4f421c985f1786f603bd1eaf4232d5a0d56b5ee8a7f02e0da978b478f060af2.opcode
21,4HRAT,4H_RAT/30e113f403c5349035969938aaf7953737709831c12a4d954d4bb6abd551a50e.opcode
22,okrum,okrum/7c17ccdd8eba3791773de8bc05ab4854421bc3f2554c7ded00065c10698300fe.opcode
