No,APT_Group,MITRE_ID,Malware_Name,File_Hash,Hash_Type,Location
1,Mustang Panda,G0129,PlugX,787068dbddb206099e05a8d05d203706b9345340db7331d1eb5aeae1419afcb9,SHA256,Executable Malware/Mustang Panda/PlugX/787068dbddb206099e05a8d05d203706b9345340db7331d1eb5aeae1419afcb9.zip
2,Mustang Panda,G0129,PoisonIvy,3fd019d3bc905bc41e760a00ce4748e25b7ba660dd08a96181a4a60671a05f5b,SHA256,Executable Malware/Mustang Panda/PoisonIvy/3fd019d3bc905bc41e760a00ce4748e25b7ba660dd08a96181a4a60671a05f5b.zip
3,Operation Wocao,G0116,Mimikatz,d4f421c985f1786f603bd1eaf4232d5a0d56b5ee8a7f02e0da978b478f060af2,SHA256,Executable Malware/Operation Wocao/Mimikatz/d4f421c985f1786f603bd1eaf4232d5a0d56b5ee8a7f02e0da978b478f060af2.zip
4,Suckfly,G0039,Nidiran,8d6d6876c3a42680d215dd0c1011b44d6b8f1c60b98c1c3edfcd82b82af4da63,SHA256,Executable Malware/Suckfly/Nidiran/8d6d6876c3a42680d215dd0c1011b44d6b8f1c60b98c1c3edfcd82b82af4da63.zip
5,Rocke,G0106,coinminer,e3dbee51df9dd78d9b3d643f7d7f9c7cb84b88819647d436f1a595d7c1a51e87,SHA256,Executable Malware/Rocke/coinminer/e3dbee51df9dd78d9b3d643f7d7f9c7cb84b88819647d436f1a595d7c1a51e87.zip
6,Scarlet Mimic,G0029,CallMe,95dba004f949e44cb447246f3d2420b01db4541d0e4fa7b00d798f38a3d251e4,SHA256,Executable Malware/Scarlet Mimic/CallMe/95dba004f949e44cb447246f3d2420b01db4541d0e4fa7b00d798f38a3d251e4.zip
7,Scarlet Mimic,G0029,FakeM,5dade00db195087aa336ce190b5fd1c22992c49556c623b42a9f742d73241a7f,SHA256,Executable Malware/Scarlet Mimic/FakeM/5dade00db195087aa336ce190b5fd1c22992c49556c623b42a9f742d73241a7f.zip
8,Moafee,G0002,PoisonIvy,3fd019d3bc905bc41e760a00ce4748e25b7ba660dd08a96181a4a60671a05f5b,SHA256,Executable Malware/Moafee/PoisonIvy/3fd019d3bc905bc41e760a00ce4748e25b7ba660dd08a96181a4a60671a05f5b.zip
9,menuPass,G0045,QuasarRAT,48f11a020991c4c5990a1431ef576a7c5e3f502da65fd12a834ad0108310fa79,SHA256,Executable Malware/menuPass/QuasarRAT/48f11a020991c4c5990a1431ef576a7c5e3f502da65fd12a834ad0108310fa79.zip
10,menuPass,G0045,ChChess,fd6a956a7708708cddff78c8505c7db73d7c4e961da8a3c00cc5a51171a92b7b,SHA256,Executable Malware/menuPass/ChChess/fd6a956a7708708cddff78c8505c7db73d7c4e961da8a3c00cc5a51171a92b7b.zip
11,menuPass,G0045,Ecipekac,83030f299a776114878bcd2ade585d97836ef4ddb6943cb796be2c88bcb83a83,SHA256,Executable Malware/menuPass/Ecipekac/83030f299a776114878bcd2ade585d97836ef4ddb6943cb796be2c88bcb83a83.zip
12,menuPass,G0045,evilgrab,b69106e06dc008e4fa1e4a0b0b58fcb1dc6d2016422a35cb3111168fd3fae577,SHA256,Executable Malware/menuPass/evilgrab/b69106e06dc008e4fa1e4a0b0b58fcb1dc6d2016422a35cb3111168fd3fae577.zip
13,Mofang,G0103,ShimRatReporter,029e735581c38d66f03aa0e9d1c22959b0bc8dfe298b9e91b127c42c7f904b5e,SHA256,Executable Malware/Mofang/ShimRatReporter/029e735581c38d66f03aa0e9d1c22959b0bc8dfe298b9e91b127c42c7f904b5e.zip
14,Mofang,G0103,ShimRat,558461b6fb0441e7f70c4224963490ea49f44d40c5700a4c7fd19be4c62b3d6a,SHA256,Executable Malware/Mofang/ShimRat/558461b6fb0441e7f70c4224963490ea49f44d40c5700a4c7fd19be4c62b3d6a.zip
15,HAFNIUM,G0125,ChinaChopper,33878eed4a50635735e6e368a50f69c13b22b6af58ae50a82c1af5c5f129fb7f,SHA256,Executable Malware/HAFNIUM/ChinaChopper/33878eed4a50635735e6e368a50f69c13b22b6af58ae50a82c1af5c5f129fb7f.zip
16,HAFNIUM,G0125,ASPXSpy,447026e24c84a7d35a413788c7ab176092c75086121c7719eed1ef30139e0faf,SHA256,Executable Malware/HAFNIUM/ASPXSpy/447026e24c84a7d35a413788c7ab176092c75086121c7719eed1ef30139e0faf.zip
17,HAFNIUM,G0125,Covenant,b95781c20c5a77c56384ae5f239aff908709dd4502437801d880f7702e2da862,SHA256,Executable Malware/HAFNIUM/Covenant/b95781c20c5a77c56384ae5f239aff908709dd4502437801d880f7702e2da862.zip
18,Ke3chang,G0004,MirageFox,b9403fb1e3743617bcdf8c1e5dd332c325c1e1f2e79bef166261fec0091880cf,SHA256,Executable Malware/Ke3chang/MirageFox/b9403fb1e3743617bcdf8c1e5dd332c325c1e1f2e79bef166261fec0091880cf.zip
19,Ke3chang,G0004,okrum,7c17ccdd8eba3791773de8bc05ab4854421bc3f2554c7ded00065c10698300fe,SHA256,Executable Malware/Ke3chang/okrum/7c17ccdd8eba3791773de8bc05ab4854421bc3f2554c7ded00065c10698300fe.zip
20,Putter Panda,G0024,3PARARAT,a4314fed1ada801ff078ad4e42845b9781398ea574516972cfa6da50cc304b50,SHA256,Executable Malware/Putter Panda/3PARARAT/a4314fed1ada801ff078ad4e42845b9781398ea574516972cfa6da50cc304b50.zip
21,Putter Panda,G0024,4H RAT,30e113f403c5349035969938aaf7953737709831c12a4d954d4bb6abd551a50e,SHA256,Executable Malware/Putter Panda/4H RAT/30e113f403c5349035969938aaf7953737709831c12a4d954d4bb6abd551a50e.zip
22,PittyTiger,G0011,Gh0stRAT,f1fc6998b7177ca0ecd35fc767c632cc597356b75e8281e26a3d41671c23ae51,SHA256,Executable Malware/PittyTiger/Gh0stRAT/f1fc6998b7177ca0ecd35fc767c632cc597356b75e8281e26a3d41671c23ae51.zip
23,PittyTiger,G0011,Lurid,322fcf1b134fef1bae52fbd80a373ede,MD5,Executable Malware/PittyTiger/Lurid/322fcf1b134fef1bae52fbd80a373ede.zip
24,PittyTiger,G0011,Mimikatz,d4f421c985f1786f603bd1eaf4232d5a0d56b5ee8a7f02e0da978b478f060af2,SHA256,Executable Malware/PittyTiger/Mimikatz/d4f421c985f1786f603bd1eaf4232d5a0d56b5ee8a7f02e0da978b478f060af2.zip
25,Naikon,G0019,FoundCore,3d0e91c7d8fde05d12e83519b66c4778a97f9fb5358e2de6c8105f221f26a3d1,SHA256,Executable Malware/Naikon/FoundCore/3d0e91c7d8fde05d12e83519b66c4778a97f9fb5358e2de6c8105f221f26a3d1.zip
26,Naikon,G0019,NaikonExfillTool,89132f9bd84c25539ba3b8fc2080e037b3221d16730d4b5605f6b9d3906ad38c,SHA256,Executable Malware/Naikon/NaikonExfillTool/89132f9bd84c25539ba3b8fc2080e037b3221d16730d4b5605f6b9d3906ad38c.zip
27,Naikon,G0019,Nebulae,592c36bc4117f150f8fce1b54d064eb14bd3236b3f729ba12750aed3bb6006b4,SHA256,Executable Malware/Naikon/Nebulae/592c36bc4117f150f8fce1b54d064eb14bd3236b3f729ba12750aed3bb6006b4.zip
28,Naikon,G0019,Apt-body,ebead09ed1d471ff85ae7584c9f2043338d004ee782680085992e9203e29d249,SHA256,Executable Malware/Naikon/Apt-body/ebead09ed1d471ff85ae7584c9f2043338d004ee782680085992e9203e29d249.zip
29,Naikon,G0019,Rainyday,089809e73354648b3caed7db6bc24dcce4f2ef0f327206fd14f36c6619d9ed30,SHA256,Executable Malware/Naikon/Rainyday/089809e73354648b3caed7db6bc24dcce4f2ef0f327206fd14f36c6619d9ed30.zip
30,Night Dragon,G0014,ASPXSpy,447026e24c84a7d35a413788c7ab176092c75086121c7719eed1ef30139e0faf,SHA256,Executable Malware/Night Dragon/ASPXSpy/447026e24c84a7d35a413788c7ab176092c75086121c7719eed1ef30139e0faf.zip
31,TA459,G0062,PlugX,8071d15e5f9c1e57a9fa246f7731e76f017083fee4af80f4175e0b79dcf19a09,SHA256,Executable Malware/TA459/PlugX/8071d15e5f9c1e57a9fa246f7731e76f017083fee4af80f4175e0b79dcf19a09.zip
32,TA459,G0062,Gh0stRAT,f1fc6998b7177ca0ecd35fc767c632cc597356b75e8281e26a3d41671c23ae51,SHA256,Executable Malware/TA459/Gh0stRAT/f1fc6998b7177ca0ecd35fc767c632cc597356b75e8281e26a3d41671c23ae51.zip
